RCM,Grappolo,DegSort,Natural
1.06967425,1.054354959,1.10446536,1.078183463
2.219381333,0.8962523182,2.09076825,0.856277
0.1333526216,0.1400274444,0.136674381,0.1317816667
0.54944575,0.5781775,0.52283725,0.503732
5.376445741,4.491011521,5.950904234,4.728396532
0.41316,0.3214348571,0.4297873333,0.431609
10.80716501,8.028874109,11.50981468,8.569931141
0.4633753333,0.419335,0.58065175,0.4259905
2.1836155,1.884712,2.45960375,1.7201454