RCM,Grappolo,Degsort,Metis
1.152475,35.917176,0.021706,12.635656
1.273432,5.463197,0.077042,13.378496
0.1129,4.120164,0.002174,1.70056
0.515379,2.477731,0.049423,12.632097
7.058309,56.911574,0.340901,153.061929
0.13533,5.176849,0.00639,4.353469
9.208539,124.563614,0.222825,274.21572
0.591819,4.825658,0.075862,2.237639
2.394296,20.384118,0.136204,58.488816

